[{"pos_x": 122.4462, "pos_y": -95.1217, "rotation": 0.0, "side": "top", "designator": "R12", "mpn": null, "pack": "R_Axial_DIN0207_L6.3mm_D2.5mm_P2.54mm_Vertical", "value": "1k", "mount_type": "tht", "place": true}, {"pos_x": 115.9854, "pos_y": -105.7688, "rotation": 0.0, "side": "top", "designator": "R11", "mpn": null, "pack": "R_Axial_DIN0207_L6.3mm_D2.5mm_P2.54mm_Vertical", "value": "5k", "mount_type": "tht", "place": true}, {"pos_x": 115.9854, "pos_y": -100.6134, "rotation": 0.0, "side": "top", "designator": "R10", "mpn": null, "pack": "R_Axial_DIN0207_L6.3mm_D2.5mm_P2.54mm_Vertical", "value": "470", "mount_type": "tht", "place": true}, {"pos_x": 109.6094, "pos_y": -95.1217, "rotation": 0.0, "side": "top", "designator": "R9", "mpn": null, "pack": "R_Axial_DIN0207_L6.3mm_D2.5mm_P2.54mm_Vertical", "value": "1k", "mount_type": "tht", "place": true}, {"pos_x": 103.0015, "pos_y": -105.7688, "rotation": 0.0, "side": "top", "designator": "R8", "mpn": null, "pack": "R_Axial_DIN0207_L6.3mm_D2.5mm_P2.54mm_Vertical", "value": "5k", "mount_type": "tht", "place": true}, {"pos_x": 103.0015, "pos_y": -100.6134, "rotation": 0.0, "side": "top", "designator": "R7", "mpn": null, "pack": "R_Axial_DIN0207_L6.3mm_D2.5mm_P2.54mm_Vertical", "value": "470", "mount_type": "tht", "place": true}, {"pos_x": 96.8425, "pos_y": -95.1217, "rotation": 0.0, "side": "top", "designator": "R6", "mpn": null, "pack": "R_Axial_DIN0207_L6.3mm_D2.5mm_P2.54mm_Vertical", "value": "1k", "mount_type": "tht", "place": true}, {"pos_x": 90.598, "pos_y": -105.7688, "rotation": 0.0, "side": "top", "designator": "R5", "mpn": null, "pack": "R_Axial_DIN0207_L6.3mm_D2.5mm_P2.54mm_Vertical", "value": "5k", "mount_type": "tht", "place": true}, {"pos_x": 90.598, "pos_y": -100.6134, "rotation": 0.0, "side": "top", "designator": "R4", "mpn": null, "pack": "R_Axial_DIN0207_L6.3mm_D2.5mm_P2.54mm_Vertical", "value": "470", "mount_type": "tht", "place": true}, {"pos_x": 84.7361, "pos_y": -95.1217, "rotation": 0.0, "side": "top", "designator": "R3", "mpn": null, "pack": "R_Axial_DIN0207_L6.3mm_D2.5mm_P2.54mm_Vertical", "value": "1k", "mount_type": "tht", "place": true}, {"pos_x": 78.8062, "pos_y": -105.7688, "rotation": 0.0, "side": "top", "designator": "R2", "mpn": null, "pack": "R_Axial_DIN0207_L6.3mm_D2.5mm_P2.54mm_Vertical", "value": "5k", "mount_type": "tht", "place": true}, {"pos_x": 78.9994, "pos_y": -100.6134, "rotation": 0.0, "side": "top", "designator": "R1", "mpn": null, "pack": "R_Axial_DIN0207_L6.3mm_D2.5mm_P2.54mm_Vertical", "value": "470", "mount_type": "tht", "place": true}, {"pos_x": 122.2212, "pos_y": -102.5367, "rotation": 0.0, "side": "top", "designator": "Q4", "mpn": null, "pack": "TO-92_Inline", "value": "2N7000", "mount_type": "tht", "place": true}, {"pos_x": 109.3844, "pos_y": -102.5367, "rotation": 0.0, "side": "top", "designator": "Q3", "mpn": null, "pack": "TO-92_Inline", "value": "2N7000", "mount_type": "tht", "place": true}, {"pos_x": 96.6175, "pos_y": -102.5367, "rotation": 0.0, "side": "top", "designator": "Q2", "mpn": null, "pack": "TO-92_Inline", "value": "2N7000", "mount_type": "tht", "place": true}, {"pos_x": 84.5111, "pos_y": -102.5367, "rotation": 0.0, "side": "top", "designator": "Q1", "mpn": null, "pack": "TO-92_Inline", "value": "2N7000", "mount_type": "tht", "place": true}, {"pos_x": 118.1952, "pos_y": -87.534, "rotation": 90.0, "side": "top", "designator": "J4", "mpn": null, "pack": "PinSocket_1x03_P2.54mm_Vertical", "value": "Conn_01x03", "mount_type": "tht", "place": true}, {"pos_x": 105.4254, "pos_y": -87.534, "rotation": 90.0, "side": "top", "designator": "J3", "mpn": null, "pack": "PinSocket_1x03_P2.54mm_Vertical", "value": "Conn_01x03", "mount_type": "tht", "place": true}, {"pos_x": 92.6557, "pos_y": -87.534, "rotation": 90.0, "side": "top", "designator": "J2", "mpn": null, "pack": "PinSocket_1x03_P2.54mm_Vertical", "value": "Conn_01x03", "mount_type": "tht", "place": true}, {"pos_x": 79.8859, "pos_y": -87.534, "rotation": 90.0, "side": "top", "designator": "J1", "mpn": null, "pack": "PinSocket_1x03_P2.54mm_Vertical", "value": "Conn_01x03", "mount_type": "tht", "place": true}]